{"cameraMode":{"drawMode":0,"name":"Shaded","section":"Shading Mode"},"sceneLighting":false,"audioPlay":false,"sceneViewState":{"m_AlwaysRefresh":false,"showFog":true,"showSkybox":false,"showFlares":true,"showImageEffects":true,"showParticleSystems":true,"showVisualEffectGraphs":true,"m_FxEnabled":true},"in2DMode":false,"pivot":{"x":-0.20457133650779725,"y":4.179941654205322,"z":0.00549626350402832},"rotation":{"x":0.004499371629208326,"y":0.016499098390340806,"z":-0.00007424694194924086,"w":0.9998535513877869},"size":1.290771245956421,"orthographic":true}